structure_index,n_runs,kappa_mean,kappa_std,R_K_mean,R_K_std,J_mean,J_std
0,3,65.00181849082122,36.44336109652342,1.810497738390404e-10,1.421593020937873e-10,12965716114.896605,62501576.41199816
