structure_index,run_index,energy_ev,R_K_SI,kappa_SI,J_SI,delta_T,n_atoms,converged
0,0,-367878.2394167612,1.212760774082817e-10,69.43760660912635,12991572352.79595,1.575566934312974,81120,False
0,1,-367878.2394167612,7.853724107759909e-11,26.543595986154752,13011140701.756124,1.0218590939883825,81120,False
0,2,-367878.2394167612,3.433360030312404e-10,99.02425287718255,12894435290.13774,4.4271238738608645,81120,False
