structure_index,n_runs,kappa_mean,kappa_std,R_K_mean,R_K_std,J_mean,J_std
0,3,79.22846690675742,89.53164572047149,2.727541736731283e-10,1.714956990107506e-10,12581384850.507942,75088140.3985349
