structure_index,run_index,energy_ev,R_K_SI,kappa_SI,J_SI,delta_T,n_atoms,converged
0,0,-381079.8343163803,2.2967126900599382e-10,24.037264736761067,12666418250.07601,2.9091123532556367,84000,False
0,1,-381079.8343163803,4.6168341610283107e-10,182.52984047766952,12553538513.600573,5.795760545137568,84000,False
0,2,-381079.8343163803,1.2690783591056014e-10,31.118295505841644,12524197787.847242,1.5894188377715182,84000,False
