run_index,energy_ev
0,-8854.804929014206
1,-8854.790318212834
2,-8854.802075366373
